reference_id,raid_reference_file,raid_distorted_file,tid2013_test_file,raid_gn_level,tid2013_gn_level,raid_mlds_curve_value,raid_mlds_sigma,raid_jod_distortion,tid2013_mos,tid2013_jod_quality,tid2013_jod_distortion
1,img_01.png,gn_img_01_level_02.png,i01_01_2.png,2,2,0.1718711,0.391271,0.6512531878687573,5.56757,-0.175516306,0.175516306
1,img_01.png,gn_img_01_level_03.png,i01_01_3.png,3,3,0.4590375,0.391271,1.739382992341898,4.94444,-0.708361862,0.708361862
1,img_01.png,gn_img_01_level_05.png,i01_01_4.png,5,4,0.6713191,0.391271,2.543758447776583,4.37838,-1.25415525,1.25415525
1,img_01.png,gn_img_01_level_10.png,i01_01_5.png,10,5,1.0,0.391271,3.7891947197967175,3.86486,-1.770809111,1.770809111
2,img_02.png,gn_img_02_level_02.png,i02_01_2.png,2,2,0.1368735,0.3453103,0.5876711986872573,5.34286,-0.129375535,0.129375535
2,img_02.png,gn_img_02_level_03.png,i02_01_3.png,3,3,0.3634701,0.3453103,1.5605722691768114,5.22222,-0.511855511,0.511855511
2,img_02.png,gn_img_02_level_05.png,i02_01_4.png,5,4,0.6389849,0.3453103,2.743504996869187,4.19444,-1.480440657,1.480440657
2,img_02.png,gn_img_02_level_10.png,i02_01_5.png,10,5,1.0,0.3453103,4.293535964272424,3.97297,-1.992764721,1.992764721
3,img_03.png,gn_img_03_level_02.png,i03_01_2.png,2,2,0.2645268,0.3353733,1.169407244173393,5.10526,-0.891741592,0.891741592
3,img_03.png,gn_img_03_level_03.png,i03_01_3.png,3,3,0.4305225,0.3353733,1.9032327765200447,4.68421,-1.398164394,1.398164394
3,img_03.png,gn_img_03_level_05.png,i03_01_4.png,5,4,0.7005135,0.3353733,3.096795762119106,4.25,-1.975047584,1.975047584
3,img_03.png,gn_img_03_level_10.png,i03_01_5.png,10,5,1.0,0.3353733,4.420752130233516,3.925,-2.511081324,2.511081324
4,img_04.png,gn_img_04_level_02.png,i04_01_2.png,2,2,0.2404129,0.2373147,1.5019575904681923,5.47619,-0.798856352,0.798856352
4,img_04.png,gn_img_04_level_03.png,i04_01_3.png,3,3,0.4817743,0.2373147,3.009841142003752,4.92857,-1.621842711,1.621842711
4,img_04.png,gn_img_04_level_05.png,i04_01_4.png,5,4,0.7645984,0.2373147,4.776759022747736,4.26829,-2.316436187,2.316436187
4,img_04.png,gn_img_04_level_10.png,i04_01_5.png,10,5,1.0,0.2373147,6.2474099847699645,4.0,-2.960308549,2.960308549
5,img_05.png,gn_img_05_level_02.png,i05_01_2.png,2,2,0.04790172,0.4014648,0.1769002419463203,5.5,-0.244992248,0.244992248
5,img_05.png,gn_img_05_level_03.png,i05_01_3.png,3,3,0.2737165,0.4014648,1.0108301865251397,4.84615,-0.787365816,0.787365816
5,img_05.png,gn_img_05_level_05.png,i05_01_4.png,5,4,0.5694947,0.4014648,2.1031335162433735,4.05128,-1.224834716,1.224834716
5,img_05.png,gn_img_05_level_10.png,i05_01_5.png,10,5,1.0,0.4014648,3.692981248826797,3.56098,-1.878574158,1.878574158
6,img_06.png,gn_img_06_level_02.png,i06_01_2.png,2,2,0.1491885,0.4580899,0.4828467740322556,5.16667,-0.977597476,0.977597476
6,img_06.png,gn_img_06_level_03.png,i06_01_3.png,3,3,0.3636127,0.4580899,1.1768278165372352,5.02703,-1.248110578,1.248110578
6,img_06.png,gn_img_06_level_05.png,i06_01_4.png,5,4,0.6677687,0.4580899,2.16122483636886,4.31429,-1.683781269,1.683781269
6,img_06.png,gn_img_06_level_10.png,i06_01_5.png,10,5,1.0,0.4580899,3.236486543146704,3.61111,-2.520341275,2.520341275
7,img_07.png,gn_img_07_level_02.png,i07_01_2.png,2,2,0.1641291,0.4419227,0.5506352022280998,5.09091,-0.961150041,0.961150041
7,img_07.png,gn_img_07_level_03.png,i07_01_3.png,3,3,0.5229278,0.4419227,1.7543646877598973,4.8,-1.506275024,1.506275024
7,img_07.png,gn_img_07_level_05.png,i07_01_4.png,5,4,0.6635085,0.4419227,2.2259982446931517,4.45455,-1.742783765,1.742783765
7,img_07.png,gn_img_07_level_10.png,i07_01_5.png,10,5,1.0,0.4419227,3.354890121520998,3.97619,-2.306089382,2.306089382
8,img_08.png,gn_img_08_level_02.png,i08_01_2.png,2,2,0.159219,0.4304162,0.5484422852867082,4.70968,-0.75133182,0.75133182
8,img_08.png,gn_img_08_level_03.png,i08_01_3.png,3,3,0.2871572,0.4304162,0.9891354165219688,4.83871,-0.612480492,0.612480492
8,img_08.png,gn_img_08_level_05.png,i08_01_4.png,5,4,0.686549,0.4304162,2.364872111898353,4.1,-1.195704374,1.195704374
8,img_08.png,gn_img_08_level_10.png,i08_01_5.png,10,5,1.0,0.4304162,3.444578660127275,3.54839,-1.740074375,1.740074375
9,img_09.png,gn_img_09_level_02.png,i09_01_2.png,2,2,0.2522138,0.3422246,1.0926529273213577,5.0,-0.969360981,0.969360981
9,img_09.png,gn_img_09_level_03.png,i09_01_3.png,3,3,0.4696831,0.3422246,2.0347840713680467,4.54545,-1.461360045,1.461360045
9,img_09.png,gn_img_09_level_05.png,i09_01_4.png,5,4,0.7879894,0.3422246,3.413767220822292,4.03226,-2.067374849,2.067374849
9,img_09.png,gn_img_09_level_10.png,i09_01_5.png,10,5,1.0,0.3422246,4.332249673402042,3.63636,-2.568339795,2.568339795
10,img_10.png,gn_img_10_level_02.png,i10_01_2.png,2,2,0.2798516,0.3353752,1.2371476360573572,5.43243,-1.092266523,1.092266523
10,img_10.png,gn_img_10_level_03.png,i10_01_3.png,3,3,0.4544296,0.3353752,2.008909697450687,4.74359,-1.610617382,1.610617382
10,img_10.png,gn_img_10_level_05.png,i10_01_4.png,5,4,0.7438511,0.3353752,3.288362794772214,4.53846,-1.931459199,1.931459199
10,img_10.png,gn_img_10_level_10.png,i10_01_5.png,10,5,1.0,0.3353752,4.420726925995801,3.81579,-2.512576062,2.512576062
11,img_11.png,gn_img_11_level_02.png,i11_01_2.png,2,2,0.2244869,0.282761,1.1770533203346698,5.16216,-0.79636314,0.79636314
11,img_11.png,gn_img_11_level_03.png,i11_01_3.png,3,3,0.3987871,0.282761,2.0909628346316613,5.35135,-0.823195655,0.823195655
11,img_11.png,gn_img_11_level_05.png,i11_01_4.png,5,4,0.7423859,0.282761,3.892555816062054,4.28571,-1.681404419,1.681404419
11,img_11.png,gn_img_11_level_10.png,i11_01_5.png,10,5,1.0,0.282761,5.243305771469298,3.86111,-2.317751594,2.317751594
12,img_12.png,gn_img_12_level_02.png,i12_01_2.png,2,2,0.2265933,0.3173139,1.058723723811079,4.97222,-1.358093873,1.358093873
12,img_12.png,gn_img_12_level_03.png,i12_01_3.png,3,3,0.4207536,0.3173139,1.9659083027051505,4.78947,-1.869977935,1.869977935
12,img_12.png,gn_img_12_level_05.png,i12_01_4.png,5,4,0.6496039,0.3173139,3.035178813918013,4.13889,-2.343493556,2.343493556
12,img_12.png,gn_img_12_level_10.png,i12_01_5.png,10,5,1.0,0.3173139,4.672352691918354,3.76316,-2.871091514,2.871091514
13,img_13.png,gn_img_13_level_02.png,i13_01_2.png,2,2,0.1345089,0.5623547,0.3546216972614708,5.425,-0.299424482,0.299424482
13,img_13.png,gn_img_13_level_03.png,i13_01_3.png,3,3,0.2575374,0.5623547,0.6789762184923718,5.06977,-0.628360172,0.628360172
13,img_13.png,gn_img_13_level_05.png,i13_01_4.png,5,4,0.4884343,0.5623547,1.2877171220874777,4.7907,-0.77977272,0.77977272
13,img_13.png,gn_img_13_level_10.png,i13_01_5.png,10,5,1.0,0.5623547,2.636418121228746,4.02381,-1.687410305,1.687410305
14,img_14.png,gn_img_14_level_02.png,i14_01_2.png,2,2,0.1843415,0.3715998,0.7354824885860539,5.69444,-0.442676483,0.442676483
14,img_14.png,gn_img_14_level_03.png,i14_01_3.png,3,3,0.304592,0.3715998,1.2152555316989038,4.77778,-1.155038058,1.155038058
14,img_14.png,gn_img_14_level_05.png,i14_01_4.png,5,4,0.6974233,0.3715998,2.7825671175201543,4.31429,-1.581711137,1.581711137
14,img_14.png,gn_img_14_level_10.png,i14_01_5.png,10,5,1.0,0.3715998,3.9897819043472142,3.75,-2.341041722,2.341041722
15,img_15.png,gn_img_15_level_02.png,i15_01_2.png,2,2,0.2620741,0.2719882,1.4285606263399635,5.06818,-0.826637879,0.826637879
15,img_15.png,gn_img_15_level_03.png,i15_01_3.png,3,3,0.4906022,0.2719882,2.67426302545832,4.95556,-1.149786798,1.149786798
15,img_15.png,gn_img_15_level_05.png,i15_01_4.png,5,4,0.6958332,0.2719882,3.79297239024947,4.27907,-1.73167764,1.73167764
15,img_15.png,gn_img_15_level_10.png,i15_01_5.png,10,5,1.0,0.2719882,5.450979794624251,3.91111,-2.438449501,2.438449501
16,img_16.png,gn_img_16_level_02.png,i16_01_2.png,2,2,0.310577,0.2644944,1.7409145204336145,5.65,-1.084884172,1.084884172
16,img_16.png,gn_img_16_level_03.png,i16_01_3.png,3,3,0.5022106,0.2644944,2.815101340603041,5.02632,-1.442137198,1.442137198
16,img_16.png,gn_img_16_level_05.png,i16_01_4.png,5,4,0.7814143,0.2644944,4.380155516286395,4.15385,-2.249447722,2.249447722
16,img_16.png,gn_img_16_level_10.png,i16_01_5.png,10,5,1.0,0.2644944,5.605420985123762,3.94872,-2.867768439,2.867768439
17,img_17.png,gn_img_17_level_02.png,i17_01_2.png,2,2,0.1283841,0.3020652,0.6301373740319132,5.21053,-0.718123657,0.718123657
17,img_17.png,gn_img_17_level_03.png,i17_01_3.png,3,3,0.4011322,0.3020652,1.968843855097792,5.05128,-1.035184282,1.035184282
17,img_17.png,gn_img_17_level_05.png,i17_01_4.png,5,4,0.7361823,0.3020652,3.613344753261987,4.38462,-1.556243221,1.556243221
17,img_17.png,gn_img_17_level_10.png,i17_01_5.png,10,5,1.0,0.3020652,4.90821987886041,3.87179,-2.132913539,2.132913539
18,img_18.png,gn_img_18_level_02.png,i18_01_2.png,2,2,0.1558817,0.3029829,0.7627841636591689,5.41463,-0.544721842,0.544721842
18,img_18.png,gn_img_18_level_03.png,i18_01_3.png,3,3,0.3664088,0.3029829,1.7929672017231275,4.85,-1.274311396,1.274311396
18,img_18.png,gn_img_18_level_05.png,i18_01_4.png,5,4,0.6215472,0.3029829,3.0414502213022914,4.46341,-1.49070766,1.49070766
18,img_18.png,gn_img_18_level_10.png,i18_01_5.png,10,5,1.0,0.3029829,4.893353826415454,4.0,-2.286826379,2.286826379
19,img_19.png,gn_img_19_level_02.png,i19_01_2.png,2,2,0.2792719,0.3149067,1.314830951459508,5.10811,-0.684196976,0.684196976
19,img_19.png,gn_img_19_level_03.png,i19_01_3.png,3,3,0.5008254,0.3149067,2.3579201900957796,4.60526,-1.186667641,1.186667641
19,img_19.png,gn_img_19_level_05.png,i19_01_4.png,5,4,0.7416551,0.3149067,3.491762475731216,4.13514,-1.568715376,1.568715376
19,img_19.png,gn_img_19_level_10.png,i19_01_5.png,10,5,1.0,0.3149067,4.708067096759934,3.56757,-2.104535636,2.104535636
20,img_20.png,gn_img_20_level_02.png,i20_01_2.png,2,2,0.211424,0.3470655,0.9031659855808122,5.51282,-0.498032572,0.498032572
20,img_20.png,gn_img_20_level_03.png,i20_01_3.png,3,3,0.4504006,0.3470655,1.92403220304346,4.92105,-1.031693246,1.031693246
20,img_20.png,gn_img_20_level_05.png,i20_01_4.png,5,4,0.7063747,0.3470655,3.017507678075644,4.4359,-1.574324632,1.574324632
20,img_20.png,gn_img_20_level_10.png,i20_01_5.png,10,5,1.0,0.3470655,4.27182325478241,3.78378,-2.155900268,2.155900268
21,img_21.png,gn_img_21_level_02.png,i21_01_2.png,2,2,0.2056871,0.4004449,0.7615334404276377,5.06977,-1.108465449,1.108465449
21,img_21.png,gn_img_21_level_03.png,i21_01_3.png,3,3,0.4679615,0.4004449,1.7325748829545204,4.48837,-1.558846202,1.558846202
21,img_21.png,gn_img_21_level_05.png,i21_01_4.png,5,4,0.7395107,0.4004449,2.7379556167653205,3.90698,-2.242689373,2.242689373
21,img_21.png,gn_img_21_level_10.png,i21_01_5.png,10,5,1.0,0.4004449,3.702388359903215,3.48837,-2.580167107,2.580167107
22,img_22.png,gn_img_22_level_02.png,i22_01_2.png,2,2,0.2003474,0.3318796,0.8950097459961475,5.23684,-0.678450301,0.678450301
22,img_22.png,gn_img_22_level_03.png,i22_01_3.png,3,3,0.4397981,0.3318796,1.964704429703724,4.84615,-1.017884997,1.017884997
22,img_22.png,gn_img_22_level_05.png,i22_01_4.png,5,4,0.7176148,0.3318796,3.205792229416982,4.15789,-1.538436775,1.538436775
22,img_22.png,gn_img_22_level_10.png,i22_01_5.png,10,5,1.0,0.3318796,4.467288048667969,3.71795,-2.138869489,2.138869489
23,img_23.png,gn_img_23_level_02.png,i23_01_2.png,2,2,0.3017203,0.3577454,1.2504178154743135,5.05714,-0.9183545,0.9183545
23,img_23.png,gn_img_23_level_03.png,i23_01_3.png,3,3,0.4570586,0.3577454,1.8941859377827237,4.76471,-1.256274096,1.256274096
23,img_23.png,gn_img_23_level_05.png,i23_01_4.png,5,4,0.7086944,0.3577454,2.937037960064034,4.08571,-2.077401602,2.077401602
23,img_23.png,gn_img_23_level_10.png,i23_01_5.png,10,5,1.0,0.3577454,4.144294259753213,3.73529,-2.628580302,2.628580302
24,img_24.png,gn_img_24_level_02.png,i24_01_2.png,2,2,0.2110125,0.3039196,1.0293765024570916,5.05556,-0.722135253,0.722135253
24,img_24.png,gn_img_24_level_03.png,i24_01_3.png,3,3,0.4614591,0.3039196,2.2511224218879473,4.72222,-1.133859476,1.133859476
24,img_24.png,gn_img_24_level_05.png,i24_01_4.png,5,4,0.6757646,0.3039196,3.296563067642769,4.14286,-1.590259144,1.590259144
24,img_24.png,gn_img_24_level_10.png,i24_01_5.png,10,5,1.0,0.3039196,4.8782713140465965,3.58333,-2.209847239,2.209847239
