reference,direction,threshold_1jnd_px,jod_at_1px,jod_at_2px,jod_at_5px,jod_at_10px,ssim_at_1px,ssim_at_2px,ssim_at_5px,ssim_at_10px
I01,right,0.5486296852145949,1.8227230989312089,2.6553362479883242,2.782546718633064,2.851832110740693,0.6781379888651793,0.41711886457434066,0.353321715528653,0.31243084399154586
I01,left,0.5486296852145949,1.8227230989312089,2.6553362479883242,2.782546718633064,2.851832110740693,0.6781379888651793,0.41711886457434066,0.353321715528653,0.31243084399154586
I01,up,0.42456435334093295,2.355355535929748,2.9769250390318707,2.9786003134141383,2.9946876796850947,0.5325110204082673,0.22148271604546443,0.2200606129010068,0.20605099911171373
I01,down,0.42456435334093295,2.355355535929748,2.9769250390318707,2.9786003134141383,2.9946876796850947,0.5325110204082673,0.22148271604546443,0.2200606129010068,0.20605099911171373
I02,right,0.6652898738385443,1.503104194612595,2.2335995763256804,2.4007680051229014,2.512984079451173,0.7474608616941509,0.5706381184765419,0.5172505915738983,0.4765677801427937
I02,left,0.6652898738385443,1.503104194612595,2.2335995763256804,2.4007680051229014,2.512984079451173,0.7474608616941509,0.5706381184765419,0.5172505915738983,0.4765677801427937
I02,up,0.6180861871354287,1.6178973431433281,2.3711356470978364,2.501663176365404,2.6152837374163074,0.7236044547865046,0.5272786734306457,0.4808871708141997,0.43491139922103084
I02,down,0.6180861871354287,1.6178973431433281,2.3711356470978364,2.501663176365404,2.6152837374163074,0.7236044547865046,0.5272786734306457,0.4808871708141997,0.43491139922103084
I03,right,1.351882227477338,0.7491478637394566,1.4620344964600553,1.9551357134655003,2.1721535941002896,0.8855656470189761,0.7557559704534115,0.6462934751146444,0.5885581469612973
I03,left,1.351882227477338,0.7491478637394566,1.4620344964600553,1.9551357134655003,2.1721535941002896,0.8855656470189761,0.7557559704534115,0.6462934751146444,0.5885581469612973
I03,up,0.8614301525589038,1.160860224162656,1.7624559951300105,1.9919419636916924,2.1868286212339063,0.8134047851847884,0.69195003982709,0.6370308578712632,0.5843504277837633
I03,down,0.8614301525589038,1.160860224162656,1.7624559951300105,1.9919419636916924,2.1868286212339063,0.8134047851847884,0.69195003982709,0.6370308578712632,0.5843504277837633
I04,right,0.8296097080407562,1.2053860873465974,2.017356273969087,2.3416568776910873,2.5242577595429196,0.8051921479124534,0.6305196890127741,0.5369949539893518,0.4722134092399296
I04,left,0.8296097080407562,1.2053860873465974,2.017356273969087,2.3416568776910873,2.5242577595429196,0.8051921479124534,0.6305196890127741,0.5369949539893518,0.4722134092399296
I04,up,0.8432232438374139,1.185925562783484,1.9251793741308152,2.291744947624643,2.444505660118697,0.8087933065768633,0.6536932711750155,0.5528993114177085,0.5019325347123432
I04,down,0.8432232438374139,1.185925562783484,1.9251793741308152,2.291744947624643,2.444505660118697,0.8087933065768633,0.6536932711750155,0.5528993114177085,0.5019325347123432
I05,right,0.6029102274332042,1.6586217226026223,2.7307251175117884,3.034474809351055,3.0877217699632524,0.7148818079186234,0.3808237199535399,0.1682918072563835,0.10878100978437912
I05,left,0.6029102274332042,1.6586217226026223,2.7307251175117884,3.034474809351055,3.0877217699632524,0.7148818079186234,0.3808237199535399,0.1682918072563835,0.10878100978437912
I05,up,0.5872657298147715,1.7028066669502548,2.7837416225769767,3.0892685628474075,3.1096830121549903,0.7052498809813155,0.35265915136865755,0.10685770095394947,0.08020371620494222
I05,down,0.5872657298147715,1.7028066669502548,2.7837416225769767,3.0892685628474075,3.1096830121549903,0.7052498809813155,0.35265915136865755,0.10685770095394947,0.08020371620494222
I06,right,0.7860071145803768,1.272253115080093,2.1844193679600394,2.674682788709597,2.8263201890145826,0.7926728360625238,0.5850442338095664,0.4081759794668797,0.3281067230569733
I06,left,0.7860071145803768,1.272253115080093,2.1844193679600394,2.674682788709597,2.8263201890145826,0.7926728360625238,0.5850442338095664,0.4081759794668797,0.3281067230569733
I06,up,0.4149189774445382,2.410109092042359,2.975652352896052,2.957119024277956,2.9802521857449884,0.5140323400025575,0.2225586060342884,0.2378070650413665,0.21865177458358337
I06,down,0.4149189774445382,2.410109092042359,2.975652352896052,2.957119024277956,2.9802521857449884,0.5140323400025575,0.2225586060342884,0.2378070650413665,0.21865177458358337
I07,right,1.209944391617868,0.8289752911760218,1.643594379145136,2.2703527298358734,2.5527570594489957,0.8720255412590304,0.7181173054051594,0.5595196481203033,0.46095932954637536
I07,left,1.209944391617868,0.8289752911760218,1.643594379145136,2.2703527298358734,2.5527570594489957,0.8720255412590304,0.7181173054051594,0.5595196481203033,0.46095932954637536
I07,up,0.8969071085968799,1.1149426628632684,2.2224462326241294,2.952887667104627,2.6390492580854845,0.8217771583439104,0.5739511103447678,0.2411834283177816,0.42446724841251904
I07,down,0.8969071085968799,1.1149426628632684,2.2224462326241294,2.952887667104627,2.6390492580854845,0.8217771583439104,0.5739511103447678,0.2411834283177816,0.42446724841251904
I08,right,0.5075186818024305,1.9703708175796475,2.7522551788272835,2.931799137634929,3.039498824786228,0.6424828151750442,0.36967912618985155,0.25747409695643775,0.16316370894651316
I08,left,0.5075186818024305,1.9703708175796475,2.7522551788272835,2.931799137634929,3.039498824786228,0.6424828151750442,0.36967912618985155,0.25747409695643775,0.16316370894651316
I08,up,0.5165704427754434,1.9358444022216474,2.664100317952358,2.833583117103534,2.9248159983810345,0.6510726800497109,0.41309724583707014,0.32372268660439013,0.2626825504293728
I08,down,0.5165704427754434,1.9358444022216474,2.664100317952358,2.833583117103534,2.9248159983810345,0.6510726800497109,0.41309724583707014,0.32372268660439013,0.2626825504293728
I09,right,0.7995006113995943,1.2507807820802217,1.9792304813622348,2.3985710704325918,2.522464547650757,0.7967183056966521,0.6402517151148777,0.5180034384187231,0.4729096233852463
I09,left,0.7995006113995943,1.2507807820802217,1.9792304813622348,2.3985710704325918,2.522464547650757,0.7967183056966521,0.6402517151148777,0.5180034384187231,0.4729096233852463
I09,up,0.7940109505015254,1.259428474340769,1.9823427003072647,2.301238802421321,2.4554156945610304,0.7950919887939574,0.6394653031899374,0.5499245201102375,0.498009244758454
I09,down,0.7940109505015254,1.259428474340769,1.9823427003072647,2.301238802421321,2.4554156945610304,0.7950919887939574,0.6394653031899374,0.5499245201102375,0.498009244758454
I10,right,0.7963115615537715,1.2557898795903322,2.035679161157139,2.399907324744639,2.5686731892397505,0.7957767563637395,0.6257642363960595,0.5175457126091955,0.4545128216729567
I10,left,0.7963115615537715,1.2557898795903322,2.035679161157139,2.399907324744639,2.5686731892397505,0.7957767563637395,0.6257642363960595,0.5175457126091955,0.4545128216729567
I10,up,0.7465870013491556,1.3394286241160138,2.238752406592969,2.603848281683894,2.6973669604566792,0.779853271108327,0.569098110073851,0.43982499140174,0.39737562421108447
I10,down,0.7465870013491556,1.3394286241160138,2.238752406592969,2.603848281683894,2.6973669604566792,0.779853271108327,0.569098110073851,0.43982499140174,0.39737562421108447
I11,right,0.6612384124762006,1.512313835875335,2.3984978014164238,2.709789614646282,2.828110054576028,0.745584174248113,0.5180285199078163,0.39130841940734296,0.32703195246847283
I11,left,0.6612384124762006,1.512313835875335,2.3984978014164238,2.709789614646282,2.828110054576028,0.745584174248113,0.5180285199078163,0.39130841940734296,0.32703195246847283
I11,up,0.5271574080821265,1.8969666074468003,2.6426157590639434,2.7973232243410946,2.885660297575601,0.6605538837954386,0.42287174313427106,0.34503055332349514,0.29035881346199827
I11,down,0.5271574080821265,1.8969666074468003,2.6426157590639434,2.7973232243410946,2.885660297575601,0.6605538837954386,0.42287174313427106,0.34503055332349514,0.29035881346199827
I12,right,0.9773608490663841,1.0231635541317639,1.820447054142381,2.3279791883438916,2.549119691639329,0.8382385563611567,0.6786668501416563,0.5414196478666778,0.4624159767939325
I12,left,0.9773608490663841,1.0231635541317639,1.820447054142381,2.3279791883438916,2.549119691639329,0.8382385563611567,0.6786668501416563,0.5414196478666778,0.4624159767939325
I12,up,0.5408033437024692,1.8491009932626534,2.505329225735939,2.574423835974617,2.6625073036470868,0.6719655962567923,0.4794941677686932,0.4521538954190561,0.4138318350394639
I12,down,0.5408033437024692,1.8491009932626534,2.505329225735939,2.574423835974617,2.6625073036470868,0.6719655962567923,0.4794941677686932,0.4521538954190561,0.4138318350394639
I13,right,0.4515327354620099,2.214678851527335,2.9502650273263242,3.047742852576529,3.076433243296302,0.5762421264782002,0.24325745552629327,0.15455118389858477,0.12244584571808717
I13,left,0.4515327354620099,2.214678851527335,2.9502650273263242,3.047742852576529,3.076433243296302,0.5762421264782002,0.24325745552629327,0.15455118389858477,0.12244584571808717
I13,up,0.4016128586904864,2.489960115471991,3.063477250636576,3.09255895531518,3.1051382196223516,0.4852979047317699,0.13738013324410014,0.10272360086719093,0.08635316175016536
I13,down,0.4016128586904864,2.489960115471991,3.063477250636576,3.09255895531518,3.1051382196223516,0.4852979047317699,0.13738013324410014,0.10272360086719093,0.08635316175016536
I14,right,0.6922939637438993,1.4444730885591408,2.4363051728439142,2.865125004841798,2.9732704795890035,0.759267217926266,0.5048538247184926,0.3039425370160783,0.22456191813932014
I14,left,0.6922939637438993,1.4444730885591408,2.4363051728439142,2.865125004841798,2.9732704795890035,0.759267217926266,0.5048538247184926,0.3039425370160783,0.22456191813932014
I14,up,0.5039552236059677,1.9843032737009185,2.840968284975821,3.007861727821931,3.0391379586812306,0.6389691765521494,0.31920162206260977,0.19407017250344777,0.16353502920097335
I14,down,0.5039552236059677,1.9843032737009185,2.840968284975821,3.007861727821931,3.0391379586812306,0.6389691765521494,0.31920162206260977,0.19407017250344777,0.16353502920097335
I15,right,0.7957758346995726,1.256635294005287,2.018890850231217,2.2628478101846774,2.435236147524817,0.7956177154262413,0.6301234046529879,0.5618157793796801,0.5052329275353087
I15,left,0.7957758346995726,1.256635294005287,2.018890850231217,2.2628478101846774,2.435236147524817,0.7956177154262413,0.6301234046529879,0.5618157793796801,0.5052329275353087
I15,up,0.9025316168063197,1.1079944252131355,1.7378158894569387,2.1377948778192506,2.3752195424348734,0.8230358375691434,0.697486870645202,0.5982429340394589,0.525912554050018
I15,down,0.9025316168063197,1.1079944252131355,1.7378158894569387,2.1377948778192506,2.3752195424348734,0.8230358375691434,0.697486870645202,0.5982429340394589,0.525912554050018
I16,right,1.1308583092158162,0.9067514154604881,1.6193434174381611,2.1113265809581314,2.364802860952386,0.8586481083813471,0.723297172329129,0.6055513363840062,0.5293872636318167
I16,left,1.1308583092158162,0.9067514154604881,1.6193434174381611,2.1113265809581314,2.364802860952386,0.8586481083813471,0.723297172329129,0.6055513363840062,0.5293872636318167
I16,up,0.5374957975704424,1.8604796623901851,2.4463951254467107,2.526366653474855,2.594615333338358,0.669277935599007,0.5012561053005123,0.47139286893342724,0.4437413897743562
I16,down,0.5374957975704424,1.8604796623901851,2.4463951254467107,2.526366653474855,2.594615333338358,0.669277935599007,0.5012561053005123,0.47139286893342724,0.4437413897743562
I17,right,0.9750334451386394,1.0256058445849625,1.8598673185370203,2.495985014811734,2.6690163870527615,0.8378049591323031,0.6694229640823924,0.4830340145596998,0.41082008137893894
I17,left,0.9750334451386394,1.0256058445849625,1.8598673185370203,2.495985014811734,2.6690163870527615,0.8378049591323031,0.6694229640823924,0.4830340145596998,0.41082008137893894
I17,up,0.8785005865408757,1.1383031671470274,2.01914707465603,2.6126368254500854,2.7407271289445836,0.8175296780215265,0.630057202841676,0.4360550278594154,0.3756937035984471
I17,down,0.8785005865408757,1.1383031671470274,2.01914707465603,2.6126368254500854,2.7407271289445836,0.8175296780215265,0.630057202841676,0.4360550278594154,0.3756937035984471
I18,right,0.6001125794597987,1.6663540046105458,2.661887104698203,2.97472986098093,2.9996622732093146,0.7132091485524128,0.4141173936336328,0.223336060955127,0.201583143858535
I18,left,0.6001125794597987,1.6663540046105458,2.661887104698203,2.97472986098093,2.9996622732093146,0.7132091485524128,0.4141173936336328,0.223336060955127,0.201583143858535
I18,up,0.6347928837289237,1.5753169665761897,2.5758215044407082,2.9252662506249116,2.9772387956545954,0.7325747305538013,0.45157813393935897,0.2623493815273283,0.22121688500926626
I18,down,0.6347928837289237,1.5753169665761897,2.5758215044407082,2.9252662506249116,2.9772387956545954,0.7325747305538013,0.45157813393935897,0.2623493815273283,0.22121688500926626
I19,right,0.5874249492129142,1.7023451273901316,2.506103393538732,2.7194262354107765,2.8375508460774412,0.7053514323975391,0.4791993044879319,0.386523826374404,0.32130176739550165
I19,left,0.5874249492129142,1.7023451273901316,2.506103393538732,2.7194262354107765,2.8375508460774412,0.7053514323975391,0.4791993044879319,0.386523826374404,0.32130176739550165
I19,up,0.5971569877820015,1.6746015209740133,2.4446452831054097,2.509792576763868,2.689891088124777,0.711419075402028,0.5018825926815238,0.47779080192066153,0.4009739399827942
I19,down,0.5971569877820015,1.6746015209740133,2.4446452831054097,2.509792576763868,2.689891088124777,0.711419075402028,0.5018825926815238,0.47779080192066153,0.4009739399827942
I20,right,1.2827261568393078,0.8311622098281317,1.4283400304421265,1.8513494224939127,2.060746470198401,0.8716519855764555,0.7624746155403372,0.671435728457554,0.6191722038180288
I20,left,1.2827261568393078,0.8311622098281317,1.4283400304421265,1.8513494224939127,2.060746470198401,0.8716519855764555,0.7624746155403372,0.671435728457554,0.6191722038180288
I20,up,1.0785032031142967,0.9483121743267571,1.6067289474358502,1.9860264970413262,2.1803407805352233,0.8514176725091191,0.7259717439540615,0.6385326514344295,0.5862160590713533
I20,down,1.0785032031142967,0.9483121743267571,1.6067289474358502,1.9860264970413262,2.1803407805352233,0.8514176725091191,0.7259717439540615,0.6385326514344295,0.5862160590713533
I21,right,0.7990006122403069,1.2515634965486617,2.062351222629613,2.48066796037204,2.6290531629745297,0.7965712673679022,0.6187467201786804,0.48876161025940146,0.42889940985912667
I21,left,0.7990006122403069,1.2515634965486617,2.062351222629613,2.48066796037204,2.6290531629745297,0.7965712673679022,0.6187467201786804,0.48876161025940146,0.42889940985912667
I21,up,0.5710734522419559,1.75108822879813,2.5461555051734113,2.722943096012524,2.7463113218391015,0.6945121446024185,0.46359856199178295,0.3847602179326187,0.3727941115542273
I21,down,0.5710734522419559,1.75108822879813,2.5461555051734113,2.722943096012524,2.7463113218391015,0.6945121446024185,0.46359856199178295,0.3847602179326187,0.3727941115542273
I22,right,0.572476237993509,1.7467973928576201,2.571113831347077,2.722306628390986,2.795209046980058,0.6954757945622922,0.4535136262469428,0.38508009157005996,0.3462300544505524
I22,left,0.572476237993509,1.7467973928576201,2.571113831347077,2.722306628390986,2.795209046980058,0.6954757945622922,0.4535136262469428,0.38508009157005996,0.3462300544505524
I22,up,0.5885910263064845,1.6989725553160087,2.4990368318961345,2.6782602159409254,2.791718462307646,0.7060928775361507,0.4818817689842409,0.40649580575837285,0.3482006948742704
I22,down,0.5885910263064845,1.6989725553160087,2.4990368318961345,2.6782602159409254,2.791718462307646,0.7060928775361507,0.4818817689842409,0.40649580575837285,0.3482006948742704
I23,right,1.283513040001602,0.8183019235539648,1.459182767853079,1.952717138325955,2.2157010982516905,0.8738466316559386,0.7563275766078313,0.6468954423835167,0.5759413630809128
I23,left,1.283513040001602,0.8183019235539648,1.459182767853079,1.952717138325955,2.2157010982516905,0.8738466316559386,0.7563275766078313,0.6468954423835167,0.5759413630809128
I23,up,1.2847224786046532,0.8192836560968839,1.4539941460756074,1.8703665310376225,2.135106749796546,0.8736792709144587,0.7573661678622953,0.666930078084354,0.5989910907876899
I23,down,1.2847224786046532,0.8192836560968839,1.4539941460756074,1.8703665310376225,2.135106749796546,0.8736792709144587,0.7573661678622953,0.666930078084354,0.5989910907876899
I24,right,0.6236919194482927,1.6033557094736501,2.5753463728448436,2.858030034793993,2.916634853963677,0.7266846963613077,0.45177396915636064,0.3085016818520403,0.2686741292995057
I24,left,0.6236919194482927,1.6033557094736501,2.5753463728448436,2.858030034793993,2.916634853963677,0.7266846963613077,0.45177396915636064,0.3085016818520403,0.2686741292995057
I24,up,0.725907630688378,1.3775857391824085,2.3023978484241674,2.673898811033065,2.7853441503511096,0.7724550431027021,0.549559767652752,0.4085430550666545,0.351768413707473
I24,down,0.725907630688378,1.3775857391824085,2.3023978484241674,2.673898811033065,2.7853441503511096,0.7724550431027021,0.549559767652752,0.4085430550666545,0.351768413707473
I25,right,0.527659340191315,1.8951621317599097,2.336153141206778,2.6651206472764937,2.786129186606332,0.6609892147482808,0.538781604786667,0.4126258924325371,0.35133116192670927
I25,left,0.527659340191315,1.8951621317599097,2.336153141206778,2.6651206472764937,2.786129186606332,0.6609892147482808,0.538781604786667,0.4126258924325371,0.35133116192670927
I25,up,0.500658988402229,1.997367515944008,2.1800337860849934,2.5105860799582063,2.5891569508692527,0.635648924691103,0.5863041249060613,0.4774871160683044,0.4460358741865933
I25,down,0.500658988402229,1.997367515944008,2.1800337860849934,2.5105860799582063,2.5891569508692527,0.635648924691103,0.5863041249060613,0.4774871160683044,0.4460358741865933
